S.No.,Name,Time
1,Osama,3.0439324378967285
2,Osama,3.353394031524658
3,Osama,3.487240791320801
4,Osama,3.663503646850586
5,Osama,3.7600107192993164
6,Osama,4.03552770614624
7,Osama,4.243305444717407
8,Osama,4.306422233581543
